{
    "loss": 214.74073791503906,
    "accuracy": 0.2321428507566452
}